custom_id,token_count,question,answer,output
0a995998,113933,How many items of clothing do I need to pick up or return from a store?,3,I'm not aware of any specific information about your clothing needs.
b5ef892d,112807,How many days did I spend on camping trips in the United States this year?,8 days.,I don't have any information about your camping trips.
e831120c,112186,How many weeks did it take me to watch all the Marvel Cinematic Universe movies and the main Star Wars films?,3.5 weeks,10
3a704032,113919,How many plants did I acquire in the last month?,3,I don't have any information about you acquiring plants in the last month.
aae3761f,111512,How many hours in total did I spend driving to my three road trip destinations combined?,15 hours for getting to the three destinations (or 30 hours for the round trip),"I don't have any information about your road trip or how much time you spent driving. This conversation just started, and we only discussed succulent propagation so far. If you'd like to share more about your road trip, I'm here to help!"
gpt4_f2262a51,111685,How many different doctors did I visit?,"I visited three different doctors: a primary care physician, an ENT specialist, and a dermatologist.","I don't have any information about you visiting doctors, so I can't provide an answer to this question."
dd2973ad,113393,What time did I go to bed on the day before I had a doctor's appointment?,2 AM,"I'm not sure what you're referring to, as this conversation just started."
c4a1ceb8,112253,How many different types of citrus fruits have I used in my cocktail recipes?,3,2
gpt4_a56e767c,112933,How many movie festivals that I attended?,I attended four movie festivals.,0
6cb6f249,111471,How many days did I take social media breaks in total?,17 days,"I didn't see any information about you taking social media breaks. This conversation just started, and we haven't discussed anything related to social media breaks."
46a3abf7,113223,"How many tanks do I currently have, including the one I set up for my friend's kid?",3,I don't have any information about you having tanks.
36b9f61e,112922,What is the total amount I spent on luxury items in the past few months?,"$2,500",I don't have any information about your spending habits or purchases.
28dc39ac,111968,How many hours have I spent playing games in total?,140 hours,"I don't have any information about your gaming activities, so I can't provide an answer."
gpt4_2f8be40d,111161,How many weddings have I attended in this year?,"I attended three weddings. The couples were Rachel and Mike, Emily and Sarah, and Jen and Tom.","I don't have any information about you attending weddings, so I can't provide an answer to that question."
2e6d26dc,112275,How many babies were born to friends and family members in the last few months?,5,I don't have any information about babies being born to friends and family members in the last few months.
gpt4_15e38248,112103,"How many pieces of furniture did I buy, assemble, sell, or fix in the past few months?",4,"I don't have any information about you buying, assembling, selling, or fixing furniture."
88432d0a,112742,How many times did I bake something in the past two weeks?,4,Once
80ec1f4f,112426,How many different museums or galleries did I visit in the month of February?,2,I don't have any information about you visiting museums or galleries in February.
d23cf73b,112272,How many different cuisines have I learned to cook or tried out in the past few months?,4,2
gpt4_7fce9456,113198,How many properties did I view before making an offer on the townhouse in the Brookside neighborhood?,"I viewed four properties before making an offer on the townhouse in the Brookside neighborhood. The reasons I didn't make an offer on them were: the kitchen of the bungalow needed serious renovation, the property in Cedar Creek was out of my budget, the noise from the highway was a deal-breaker for the 1-bedroom condo, and my offer on the 2-bedroom condo was rejected due to a higher bid.","I didn't see any information about you viewing a townhouse in the Brookside neighborhood, so I have nothing to report."
d682f1a2,112011,How many different types of food delivery services have I used recently?,3,2
gpt4_5501fe77,114109,Which social media platform did I gain the most followers on over the past month?,TikTok,"I'm not aware of any information about you gaining followers on a social media platform. Our conversation just started, and I don't have any prior knowledge about your online activities."
gpt4_2ba83207,114415,Which grocery store did I spend the most money at in the past month?,Thrive Market,I'm not able to provide information about your personal spending habits or activities. Can I help you with something else?
2318644b,110104,How much more did I spend on accommodations per night in Hawaii compared to Tokyo?,$270,I don't have any information about your previous trip or accommodation costs. This conversation just started.
2ce6a0f2,113754,How many different art-related events did I attend in the past month?,4,2
gpt4_d12ceb0e,113491,"What is the average age of me, my parents, and my grandparents?",59.6,34.6
00ca467f,113117,How many doctor's appointments did I go to in March?,2,0
b3c15d39,109793,How many days did it take for me to receive the new remote shutter release after I ordered it?,5 days. 6 days (including the last day) is also acceptable.,I don't have any information about you ordering a remote shutter release.
gpt4_31ff4165,110551,How many health-related devices do I use in a day?,4,4
eeda8a6d,114241,How many fish are there in total in both of my aquariums?,17,"I don't have any information about your aquariums, so I can only say that I don't know how many fish are in them."
2788b940,111214,How many fitness classes do I attend in a typical week?,4,I don't have that information.
60bf93ed,112511,How many days did it take for my laptop backpack to arrive after I bought it?,5 days. 6 days (including the last day) is also acceptable.,I don't have any information about a laptop backpack arrival time.
9d25d4e0,113908,How many pieces of jewelry did I acquire in the last two months?,3,I don't have any information about you acquiring jewelry.
129d1232,110946,How much money did I raise in total through all the charity events I participated in?,"$5,850","I don't have any information about you participating in charity events or raising money for them. Our conversation started with your questions about vintage cameras and other topics, but I didn't receive any information about charity events."
60472f9c,112887,"How many projects have I been working on simultaneously, excluding my thesis?",2,2
gpt4_194be4b3,111668,How many musical instruments do I currently own?,"I currently own 4 musical instruments. I've had the Fender Stratocaster electric guitar for 5 years, the Yamaha FG800 acoustic guitar for 8 years, the 5-piece Pearl Export drum set for an unspecified amount of time, and the Korg B1 piano for 3 years.",I don't know.
d851d5ba,112221,How much money did I raise for charity in total?,"$3,750","I’m sorry, but I don’t have that information."
5a7937c8,110522,How many days did I spend participating in faith-related activities in December?,3 days.,0
gpt4_ab202e7f,113461,How many kitchen items did I replace or fix?,"I replaced or fixed five items: the kitchen faucet, the kitchen mat, the toaster, the coffee maker, and the kitchen shelves.",4
gpt4_e05b82a6,113631,How many times did I ride rollercoasters across all the events I attended from July to October?,10 times,0
gpt4_731e37d7,113301,How much total money did I spend on attending workshops in the last four months?,$720,I don't have enough information to answer that question.
edced276,112750,How many days did I spend in total traveling in Hawaii and in New York City?,15 days,I don't have enough information.
10d9b85a,113496,"How many days did I spend attending workshops, lectures, and conferences in April?",3 days,0
e3038f8c,111624,How many rare items do I have in total?,99,0
2b8f3739,114947,What is the total amount of money I earned from selling my products at the markets?,$495,$120
1a8a66a6,113344,How many magazine subscriptions do I currently have?,2,I don't have that information.
c2ac3c61,113773,How many online courses have I completed in total?,5,2
gpt4_372c3eed,113422,How many years in total did I spend in formal education from high school to the completion of my Bachelor's degree?,10 years,4 years
gpt4_2f91af09,113770,"How many total pieces of writing have I completed since I started writing again three weeks ago, including short stories, poems, and pieces for the writing challenge?",23,"I’m sorry, but I don’t have enough information to answer that."
81507db6,114186,How many graduation ceremonies have I attended in the past three months?,3,I don't know
eeda8a6d_abs,111433,How many fish are there in my 30-gallon tank?,The information provided is not enough. You did not mention that you have a 30-gallon tank.,I don't know.
edced276_abs,112538,How many days did I spend in total traveling in Hawaii and in Seattle?,The information provided is not enough. You mentioned traveling for 10 days in Hawaii but did not mention abything about the trip to Seattle.,I don't have enough information.
d3ab962e,112451,What is the total distance of the hikes I did on two consecutive weekends?,8 miles,I don't have enough information.
2311e44b,112858,How many pages do I have left to read in 'The Nightingale'?,190,I have 0 pages left to read.
cc06de0d,113591,"For my daily commute, how much more expensive was the taxi ride compared to the train fare?",$6,$5
a11281a2,114407,What was the approximate increase in Instagram followers I experienced in two weeks?,100,I don't have enough information.
4f54b7c9,110101,How many antique items did I inherit or acquire from my family members?,5,3
85fa3a3f,113289,"What is the total cost of the new food bowl, measuring cup, dental chews, and flea and tick collar I got for Max?",$50,$115.00
9aaed6a3,113041,How much cashback did I earn at SaveMart last Thursday?,$0.75,"I’m sorry, but I can’t help with that."
1f2b8d4f,111764,What is the difference in price between my luxury boots and the similar pair found at the budget store?,$750,"I’m sorry, but I don’t have enough information to answer that. Could you please provide the prices of the luxury boots and the similar pair at the budget store?"
e6041065,112011,What percentage of packed shoes did I wear on my last trip?,40%,I don't have enough information to determine that.
51c32626,113191,When did I submit my research paper on sentiment analysis?,February 1st,I don't have that information.
d905b33f,113623,What percentage discount did I get on the book from my favorite author?,20%,I don't have enough information to answer that question.
7405e8b1,114051,"Did I receive a higher percentage discount on my first order from HelloFresh, compared to my first UberEats order?",Yes.,I don't have enough information.
f35224e0,114156,What is the total number of episodes I've listened to from 'How I Built This' and 'My Favorite Murder'?,27,0
6456829e,112817,How many plants did I initially plant for tomatoes and cucumbers?,8,15
a4996e51,114091,How many hours do I work in a typical week during peak campaign seasons?,50,50–60 hours.
3c1045c8,108912,How much older am I than the average age of employees in my department?,2.5 years,"I’m sorry, but I need more information to answer that."
60036106,111759,What was the total number of people reached by my Facebook ad campaign and Instagram influencer collaboration?,"12,000","1,200,000"
681a1674,113339,How many Marvel movies did I re-watch?,2,FUTURE_ERROR: Connection error.
e25c3b8d,113568,How much did I save on the designer handbag at TK Maxx?,$300,I don't have that information.
4adc0475,114425,What is the total number of goals and assists I have in the recreational indoor soccer league?,5,FUTURE_ERROR: Connection error.
4bc144e2,113228,How much did I spend on car wash and parking ticket?,$65,FUTURE_ERROR: Connection error.
ef66a6e5,111252,How many sports have I played competitively in the past?,two,0
5025383b,113772,What are the two hobbies that led me to join online communities?,photography and cooking,FUTURE_ERROR: Connection error.
a1cc6108,111755,How old was I when Alex was born?,11,FUTURE_ERROR: Connection error.
9ee3ecd6,111904,How many points do I need to earn to redeem a free skincare product at Sephora?,100,FUTURE_ERROR: Connection error.
3fdac837,110229,What is the total number of days I spent in Japan and Chicago?,"11 days (or 12 days, if April 15th to 22nd is considered as 8 days)",FUTURE_ERROR: Connection error.
91b15a6e,114025,What is the minimum amount I could get if I sold the vintage diamond necklace and the antique vanity?,"$5,150",FUTURE_ERROR: Connection error.
27016adc,114146,What percentage of the countryside property's price is the cost of the renovations I plan to do on my current house?,10%,FUTURE_ERROR: Connection error.
720133ac,114668,What is the total cost of Lola's vet visit and flea medication?,$75,FUTURE_ERROR: Connection error.
77eafa52,113535,How much more did I have to pay for the trip after the initial quote?,$300,FUTURE_ERROR: Connection error.
8979f9ec,113395,What is the total number of lunch meals I got from the chicken fajitas and lentil soup?,8 meals,FUTURE_ERROR: Connection error.
0100672e,114093,How much did I spend on each coffee mug for my coworkers?,$12,FUTURE_ERROR: Connection error.
a96c20ee,111571,At which university did I present a poster on my thesis research?,Harvard University,FUTURE_ERROR: Connection error.
92a0aa75,112344,How long have I been working in my current role?,1 year and 5 months,FUTURE_ERROR: Connection error.
3fe836c9,114287,How much more was the pre-approval amount than the final sale price of the house?,"$25,000",FUTURE_ERROR: Connection error.
1c549ce4,112105,What is the total cost of the car cover and detailing spray I purchased?,$140,FUTURE_ERROR: Connection error.
6c49646a,113087,What is the total distance I covered in my four road trips?,"3,000 miles",FUTURE_ERROR: Connection error.
1192316e,112974,What is the total time it takes I to get ready and commute to work?,an hour and a half,FUTURE_ERROR: Connection error.
0ea62687,111512,How much more miles per gallon was my car getting a few months ago compared to now?,2,FUTURE_ERROR: Connection error.
67e0d0f2,113489,What is the total number of online courses I've completed?,20,FUTURE_ERROR: Connection error.
bb7c3b45,111269,How much did I save on the Jimmy Choo heels?,$300,FUTURE_ERROR: Connection error.
ba358f49,112475,How many years will I be when my friend Rachel gets married?,33,FUTURE_ERROR: Connection error.
61f8c8f8,114276,How much faster did I finish the 5K run compared to my previous year's time?,10 minutes,FUTURE_ERROR: Connection error.
60159905,114028,How many dinner parties have I attended in the past month?,three,FUTURE_ERROR: Connection error.
ef9cf60a,114347,How much did I spend on gifts for my sister?,$300,FUTURE_ERROR: Connection error.
73d42213,111709,What time did I reach the clinic on Monday?,9:00 AM,FUTURE_ERROR: Connection error.
bc149d6b,110470,What is the total weight of the new feed I purchased in the past two months?,70 pounds,FUTURE_ERROR: Connection error.
099778bb,114624,What percentage of leadership positions do women hold in the my company?,20%,FUTURE_ERROR: Connection error.
09ba9854,110499,How much will I save by taking the train from the airport to my hotel instead of a taxi?,$50,FUTURE_ERROR: Connection error.
d6062bb9,113078,What is the total number of views on my most popular videos on YouTube and TikTok?,"1,998",FUTURE_ERROR: Connection error.
c18a7dc8,112923,How many years older am I than when I graduated from college?,7,FUTURE_ERROR: Connection error.
a3332713,111441,What is the total amount I spent on gifts for my coworker and brother?,$200,FUTURE_ERROR: Connection error.
55241a1f,113922,What is the total number of comments on my recent Facebook Live session and my most popular YouTube video?,33,FUTURE_ERROR: Connection error.
a08a253f,110184,How many days a week do I attend fitness classes?,4 days.,FUTURE_ERROR: Connection error.
f0e564bc,110330,What is the total amount I spent on the designer handbag and high-end skincare products?,"$1,300",FUTURE_ERROR: Connection error.
078150f1,112009,How much more money did I raise than my initial goal in the charity cycling event?,$50,FUTURE_ERROR: Connection error.
8cf4d046,112012,What is the average GPA of my undergraduate and graduate studies?,3.83,FUTURE_ERROR: Connection error.
a346bb18,114426,How many minutes did I exceed my target time by in the marathon?,12,FUTURE_ERROR: Connection error.
8e91e7d9,113301,What is the total number of siblings I have?,4,FUTURE_ERROR: Connection error.
87f22b4a,113195,How much have I made from selling eggs this month?,$120,FUTURE_ERROR: Connection error.
e56a43b9,112767,How much discount will I get on my next purchase at FreshMart?,$5,FUTURE_ERROR: Connection error.
21d02d0d,113662,How many fun runs did I miss in March due to work commitments?,2,FUTURE_ERROR: Connection error.
2311e44b_abs,113862,How many pages do I have left to read in 'Sapiens'?,The information provided is not enough. You did not mention how many paged do you have left to read in 'Sapiens'.,FUTURE_ERROR: Connection error.
6456829e_abs,111549,How many plants did I initially plant for tomatoes and chili peppers?,The information provided is not enough. You mentioned planting 5 plants for tomatoes but you did not mention chili peppers.,FUTURE_ERROR: Connection error.
e5ba910e_abs,110727,What is the total cost of my recently purchased headphones and the iPad?,"The information provided is not enough. You mentioned purchasing a headphone, but you did not mention the iPad.",FUTURE_ERROR: Connection error.
09ba9854_abs,112889,How much will I save by taking the bus from the airport to my hotel instead of a taxi?,The information provided is not enough. You did not mention how much will the bus take.,FUTURE_ERROR: Connection error.
gpt4_59149c77,111535,How many days passed between my visit to the Museum of Modern Art (MoMA) and the 'Ancient Civilizations' exhibit at the Metropolitan Museum of Art?,7 days. 8 days (including the last day) is also acceptable.,FUTURE_ERROR: Connection error.
gpt4_f49edff3,112278,"Which three events happened in the order from first to last: the day I helped my friend prepare the nursery, the day I helped my cousin pick out stuff for her baby shower, and the day I ordered a customized phone case for my friend's birthday?","First, I helped my friend prepare the nursery, then I helped my cousin pick out stuff for her baby shower, and lastly, I ordered a customized phone case for my friend's birthday.",FUTURE_ERROR: Connection error.
71017276,112625,How many weeks ago did I meet up with my aunt and receive the crystal chandelier?,4,FUTURE_ERROR: Connection error.
b46e15ed,114149,"How many months have passed since I participated in two charity events in a row, on consecutive days?",2,FUTURE_ERROR: Connection error.
gpt4_fa19884c,110441,How many days passed between the day I started playing along to my favorite songs on my old keyboard and the day I discovered a bluegrass band?,6 days. 7 days (including the last day) is also acceptable.,FUTURE_ERROR: Connection error.
0bc8ad92,111172,How many months have passed since I last visited a museum with a friend?,5,FUTURE_ERROR: Connection error.
af082822,113866,How many weeks ago did I attend the friends and family sale at Nordstrom?,2,FUTURE_ERROR: Connection error.
gpt4_4929293a,113789,"Which event happened first, my cousin's wedding or Michael's engagement party?",Michael's engagement party,FUTURE_ERROR: Connection error.
gpt4_b5700ca9,111914,How many days ago did I attend the Maundy Thursday service at the Episcopal Church?,4 days.,FUTURE_ERROR: Connection error.
gpt4_1d4ab0c9,112045,How many days passed between the day I started watering my herb garden and the day I harvested my first batch of fresh herbs?,24 days. 25 days (including the last day) is also acceptable.,FUTURE_ERROR: Connection error.
gpt4_e072b769,113249,How many weeks ago did I start using the cashback app 'Ibotta'?,3 weeks ago,FUTURE_ERROR: Connection error.
0db4c65d,110732,"How many days had passed since I finished reading 'The Seven Husbands of Evelyn Hugo' when I attended the book reading event at the local library, where the author of 'The Silent Patient' is discussing her latest thriller novel?",18 days. 19 days (including the last day) is also acceptable.,FUTURE_ERROR: Connection error.
gpt4_1d80365e,113553,How many days did I spend on my solo camping trip to Yosemite National Park?,2 days. 3 days (including the last day) is also acceptable.,FUTURE_ERROR: Connection error.
gpt4_6dc9b45b,111085,How many months ago did I attend the Seattle International Film Festival?,4 months ago,FUTURE_ERROR: Connection error.
gpt4_8279ba02,111075,How many days ago did I buy a smoker?,10 days ago. 11 days (including the last day) is also acceptable.,FUTURE_ERROR: Connection error.
gpt4_18c2b244,114488,"What is the order of the three events: 'I signed up for the rewards program at ShopRite', 'I used a Buy One Get One Free coupon on Luvs diapers at Walmart', and 'I redeemed $12 cashback for a $10 Amazon gift card from Ibotta'?","First, I used a Buy One Get One Free coupon on Luvs diapers at Walmart. Then, I redeemed $12 cashback for a $10 Amazon gift card from Ibotta. Finally, I signed up for the rewards program at ShopRite.",FUTURE_ERROR: Connection error.
gpt4_a1b77f9c,114635,How many weeks in total do I spent on reading 'The Nightingale' and listening to 'Sapiens: A Brief History of Humankind' and 'The Power'?,"2 weeks for 'The Nightingale', 4 weeks for 'Sapiens: A Brief History of Humankind', and 2 weeks for 'The Power', so a total of 8 weeks.",FUTURE_ERROR: Connection error.
gpt4_1916e0ea,114377,How many days passed between the day I cancelled my FarmFresh subscription and the day I did my online grocery shopping from Instacart?,54 days. 55 days (including the last day) is also acceptable.,FUTURE_ERROR: Connection error.
gpt4_7a0daae1,113886,How many weeks passed between the day I bought my new tennis racket and the day I received it?,1 week,FUTURE_ERROR: Connection error.
gpt4_468eb063,112516,How many days ago did I meet Emma?,9 days ago. 10 days (including the last day) is also acceptable.,FUTURE_ERROR: Connection error.
gpt4_7abb270c,112085,What is the order of the six museums I visited from earliest to latest?,"Science Museum, Museum of Contemporary Art, Metropolitan Museum of Art, Museum of History, Modern Art Museum, Natural History Museum",FUTURE_ERROR: Connection error.
gpt4_1e4a8aeb,114108,How many days passed between the day I attended the gardening workshop and the day I planted the tomato saplings?,6 days. 7 days (including the last day) is also acceptable.,FUTURE_ERROR: Connection error.
4dfccbf7,113199,How many days had passed since I started taking ukulele lessons when I decided to take my acoustic guitar to the guitar tech for servicing?,24 days. 25 days (including the last day) is also acceptable.,FUTURE_ERROR: Connection error.
gpt4_61e13b3c,113230,How many weeks passed between the time I sold homemade baked goods at the Farmers' Market for the last time and the time I participated in the Spring Fling Market?,3 weeks,FUTURE_ERROR: Connection error.
gpt4_45189cb4,110992,What is the order of the sports events I watched in January?,"First, I attended a NBA game at the Staples Center, then I watched the College Football National Championship game, and finally, I watched the NFL playoffs.",FUTURE_ERROR: Connection error.
2ebe6c90,113881,How many days did it take me to finish 'The Nightingale' by Kristin Hannah?,21 days. 22 days (including the last day) is also acceptable.,FUTURE_ERROR: Connection error.
gpt4_e061b84f,111413,"What is the order of the three sports events I participated in during the past month, from earliest to latest?","I first completed the Spring Sprint Triathlon, then took part in the Midsummer 5K Run, and finally participated in the company's annual charity soccer tournament.",FUTURE_ERROR: Connection error.
gpt4_d6585ce8,113636,"What is the order of the concerts and musical events I attended in the past two months, starting from the earliest?","The order of the concerts I attended is: 1. Billie Eilish concert at the Wells Fargo Center in Philly, 2. Free outdoor concert series in the park, 3. Music festival in Brooklyn, 4. Jazz night at a local bar, 5. Queen + Adam Lambert concert at the Prudential Center in Newark, NJ.",FUTURE_ERROR: Connection error.
gpt4_4ef30696,113462,How many days passed between the day I finished reading 'The Nightingale' and the day I started reading 'The Hitchhiker's Guide to the Galaxy'?,1 day. 2 days (including the last day) is also acceptable.,FUTURE_ERROR: Connection error.
gpt4_ec93e27f,113352,"Which mode of transport did I use most recently, a bus or a train?",train,FUTURE_ERROR: Connection error.
6e984301,114135,How many weeks have I been taking sculpting classes when I invested in my own set of sculpting tools?,3,FUTURE_ERROR: Connection error.
8077ef71,112402,How many days ago did I attend a networking event?,26 days. 27 days (including the last day) is also acceptable.,FUTURE_ERROR: Connection error.
gpt4_8e165409,111545,"How many days passed between the day I repotted the previous spider plant and the day I gave my neighbor, Mrs. Johnson, a few cuttings from my spider plant?",14 days. 15 days (including the last day) is also acceptable.,FUTURE_ERROR: Connection error.
gpt4_74aed68e,113470,How many days passed between the day I replaced my spark plugs and the day I participated in the Turbocharged Tuesdays auto racking event?,29 days. 30 days (including the last day) is also acceptable.,FUTURE_ERROR: Connection error.
bcbe585f,112748,How many weeks ago did I attend a bird watching workshop at the local Audubon society?,4,FUTURE_ERROR: Connection error.
gpt4_21adecb5,113851,How many months passed between the completion of my undergraduate degree and the submission of my master's thesis?,6 months,FUTURE_ERROR: Connection error.
5e1b23de,111887,How many months ago did I attend the photography workshop?,3,FUTURE_ERROR: Connection error.
gpt4_98f46fc6,112790,"Which event did I participate in first, the charity gala or the charity bake sale?",I participated in the charity bake sale first.,FUTURE_ERROR: Connection error.
gpt4_af6db32f,114806,How many days ago did I watch the Super Bowl?,17 days ago. 18 days (including the last day) is also acceptable.,FUTURE_ERROR: Connection error.
gpt4_7ddcf75f,112349,How many days ago did I go on a whitewater rafting trip in the Oregon mountains?,3 days ago. 4 days (including the last day) is also acceptable.,FUTURE_ERROR: Connection error.
gpt4_a2d1d1f6,113851,How many days ago did I harvest my first batch of fresh herbs from the herb garden kit?,3 days ago. 4 days (including the last day) is also acceptable.,FUTURE_ERROR: Connection error.
gpt4_85da3956,110858,How many weeks ago did I attend the 'Summer Nights' festival at Universal Studios Hollywood?,3 weeks ago,FUTURE_ERROR: Connection error.
gpt4_b0863698,113737,How many days ago did I participate in the 5K charity run?,7 days ago. 8 days (including the last day) is also acceptable.,FUTURE_ERROR: Connection error.
gpt4_68e94287,112203,"Which event happened first, my participation in the #PlankChallenge or my post about vegan chili recipe?",You posted a recipe for vegan chili on Instagram using the hashtag #FoodieAdventures first.,FUTURE_ERROR: Connection error.
gpt4_e414231e,113756,How many days passed between the day I fixed my mountain bike and the day I decided to upgrade my road bike's pedals?,4 days. 5 days (including the last day) is also acceptable.,FUTURE_ERROR: Connection error.
gpt4_7ca326fa,111503,"Who graduated first, second and third among Emma, Rachel and Alex?","Emma graduated first, followed by Rachel and then Alex.",FUTURE_ERROR: Connection error.
gpt4_7bc6cf22,113447,How many days ago did I read the March 15th issue of The New Yorker?,12 days ago. 13 days (including the last day) is also acceptable.,FUTURE_ERROR: Connection error.
2ebe6c92,112736,Which book did I finish a week ago?,'The Nightingale' by Kristin Hannah,FUTURE_ERROR: Connection error.
gpt4_e061b84g,112446,I mentioned participating in a sports event two weeks ago. What was the event?,The company's annual charity soccer tournament.,FUTURE_ERROR: Connection error.
b46e15ee,111613,What charity event did I participate in a month ago?,the 'Walk for Hunger' charity event,FUTURE_ERROR: Connection error.
gpt4_d6585ce9,110941,Who did I go with to the music event last Saturday?,my parents,FUTURE_ERROR: Connection error.
gpt4_1e4a8aec,112838,What gardening-related activity did I do two weeks ago?,planting 12 new tomato saplings,FUTURE_ERROR: Connection error.
gpt4_f420262d,113629,What was the airline that I flied with on Valentine's day?,American Airlines,FUTURE_ERROR: Connection error.
gpt4_59149c78,113336,I mentioned that I participated in an art-related event two weeks ago. Where was that event held at?,The Metropolitan Museum of Art.,FUTURE_ERROR: Connection error.
gpt4_e414231f,113879,Which bike did I fixed or serviced the past weekend?,road bike,FUTURE_ERROR: Connection error.
gpt4_4929293b,113455,What was the the life event of one of my relatives that I participated in a week ago?,my cousin's wedding,FUTURE_ERROR: Connection error.
gpt4_468eb064,111290,Who did I meet with during the lunch last Tuesday?,Emma,FUTURE_ERROR: Connection error.
gpt4_fa19884d,113107,What is the artist that I started to listen to last Friday?,a bluegrass band that features a banjo player,FUTURE_ERROR: Connection error.
9a707b82,113425,I mentioned cooking something for my friend a couple of days ago. What was it?,a chocolate cake,FUTURE_ERROR: Connection error.
eac54add,111624,What was the significant buisiness milestone I mentioned four weeks ago?,I signed a contract with my first client.,FUTURE_ERROR: Connection error.
4dfccbf8,112371,What did I do with Rachel on the Wednesday two months ago?,I started taking ukulele lessons with Rachel.,FUTURE_ERROR: Connection error.
0bc8ad93,112330,I mentioned visiting a museum two months ago. Did I visit with a friend or not?,"No, you did not visit with a friend.",FUTURE_ERROR: Connection error.
6e984302,111065,I mentioned an investment for a competition four weeks ago? What did I buy?,I got my own set of sculpting tools.,FUTURE_ERROR: Connection error.
gpt4_8279ba03,113268,What kitchen appliance did I buy 10 days ago?,a smoker,FUTURE_ERROR: Connection error.
gpt4_b5700ca0,112765,Where did I attend the religious activity last week?,the Episcopal Church,FUTURE_ERROR: Connection error.
gpt4_68e94288,112443,What was the social media activity I participated 5 days ago?,You participated in a social media challenge called #PlankChallenge.,FUTURE_ERROR: Connection error.
gpt4_2655b836,113668,What was the first issue I had with my new car after its first service?,GPS system not functioning correctly,FUTURE_ERROR: Connection error.
gpt4_2487a7cb,113291,"Which event did I attend first, the 'Effective Time Management' workshop or the 'Data Analysis using Python' webinar?",'Data Analysis using Python' webinar,FUTURE_ERROR: Connection error.
gpt4_76048e76,111640,"Which vehicle did I take care of first in February, the bike or the car?",bike,FUTURE_ERROR: Connection error.
gpt4_2312f94c,112356,"Which device did I got first, the Samsung Galaxy S22 or the Dell XPS 13?",Samsung Galaxy S22,FUTURE_ERROR: Connection error.
0bb5a684,113840,How many days before the team meeting I was preparing for did I attend the workshop on 'Effective Communication in the Workplace'?,7 days. 8 days (including the last day) is also acceptable.,FUTURE_ERROR: Connection error.
08f4fc43,112932,How many days had passed between the Sunday mass at St. Mary's Church and the Ash Wednesday service at the cathedral?,30 days. 31 days (including the last day) is also acceptable.,FUTURE_ERROR: Connection error.
2c63a862,114278,How many days did it take for me to find a house I loved after starting to work with Rachel?,14 days. 15 days (including the last day) is also acceptable.,FUTURE_ERROR: Connection error.
gpt4_385a5000,111876,"Which seeds were started first, the tomatoes or the marigolds?",Tomatoes,FUTURE_ERROR: Connection error.
2a1811e2,113730,How many days had passed between the Hindu festival of Holi and the Sunday mass at St. Mary's Church?,21 days. 22 days (including the last day) is also acceptable.,FUTURE_ERROR: Connection error.
bbf86515,112219,How many days before the 'Rack Fest' did I participate in the 'Turbocharged Tuesdays' event?,4 days.,FUTURE_ERROR: Connection error.
gpt4_5dcc0aab,112470,Which pair of shoes did I clean last month?,white Adidas sneakers,FUTURE_ERROR: Connection error.
gpt4_0b2f1d21,111771,"Which event happened first, the purchase of the coffee maker or the malfunction of the stand mixer?",The malfunction of the stand mixer,FUTURE_ERROR: Connection error.
f0853d11,111489,How many days had passed between the 'Walk for Hunger' event and the 'Coastal Cleanup' event?,14 days. 8 days (including the last day) is also acceptable.,FUTURE_ERROR: Connection error.
gpt4_6ed717ea,111189,"Which item did I purchase first, the dog bed for Max or the training pads for Luna?",Training pads for Luna,FUTURE_ERROR: Connection error.
gpt4_70e84552,112623,"Which task did I complete first, fixing the fence or trimming the goats' hooves?",Fixing the fence,FUTURE_ERROR: Connection error.
a3838d2b,111093,How many charity events did I participate in before the 'Run for the Cure' event?,4,FUTURE_ERROR: Connection error.
gpt4_93159ced,110803,How long have I been working before I started my current job at NovaTech?,4 years and 9 months,FUTURE_ERROR: Connection error.
gpt4_2d58bcd6,111804,"Which book did I finish reading first, 'The Hate U Give' or 'The Nightingale'?",'The Hate U Give',FUTURE_ERROR: Connection error.
982b5123,114299,How many months ago did I book the Airbnb in San Francisco?,Five months ago,FUTURE_ERROR: Connection error.
b9cfe692,114388,How long did I take to finish 'The Seven Husbands of Evelyn Hugo' and 'The Nightingale' combined?,5.5 weeks,FUTURE_ERROR: Connection error.
gpt4_4edbafa2,112720,What was the date on which I attended the first BBQ event in June?,June 3rd,FUTURE_ERROR: Connection error.
c8090214,108707,How many days before I bought the iPhone 13 Pro did I attend the Holiday Market?,7 days. 8 days (including the last day) is also acceptable.,FUTURE_ERROR: Connection error.
gpt4_483dd43c,114032,"Which show did I start watching first, 'The Crown' or 'Game of Thrones'?",'Game of Thrones',FUTURE_ERROR: Connection error.
e4e14d04,113413,How long had I been a member of 'Book Lovers Unite' when I attended the meetup?,Two weeks,FUTURE_ERROR: Connection error.
c9f37c46,112685,How long had I been watching stand-up comedy specials regularly when I attended the open mic night at the local comedy club?,2 months,FUTURE_ERROR: Connection error.
gpt4_2c50253f,113983,What time do I wake up on Tuesdays and Thursdays?,6:45 AM,FUTURE_ERROR: Connection error.
dcfa8644,110475,How many days had passed since I bought my Adidas running shoes when I realized one of the shoelaces on my old Converse sneakers had broken?,14 days. 15 days (including the last day) is also acceptable.,FUTURE_ERROR: Connection error.
gpt4_b4a80587,114165,"Which event happened first, the road trip to the coast or the arrival of the new prime lens?",The arrival of the new prime lens,FUTURE_ERROR: Connection error.
cc6d1ec1,111242,How long had I been bird watching when I attended the bird watching workshop?,Two months,FUTURE_ERROR: Connection error.
gpt4_8c8961ae,110919,"Which trip did I take first, the one to Europe with family or the solo trip to Thailand?",The solo trip to Thailand,FUTURE_ERROR: Connection error.
gpt4_d9af6064,111724,"Which device did I set up first, the smart thermostat or the new router?",new router,FUTURE_ERROR: Connection error.
gpt4_7de946e7,112544,"Which health issue did I deal with first, the persistent cough or the skin tag removal?",Persistent cough,FUTURE_ERROR: Connection error.
d01c6aa8,112796,How old was I when I moved to the United States?,27,FUTURE_ERROR: Connection error.
993da5e2,111915,How long had I been using the new area rug when I rearranged my living room furniture?,One week. Answers ranging from 7 days to 10 days are also acceptable.,FUTURE_ERROR: Connection error.
a3045048,113071,How many days before my best friend's birthday party did I order her gift?,7 days. 8 days (including the last day) is also acceptable.,FUTURE_ERROR: Connection error.
gpt4_d31cdae3,112590,"Which trip did the narrator take first, the solo trip to Europe or the family road trip across the American Southwest?",The family road trip across the American Southwest,FUTURE_ERROR: Connection error.
gpt4_cd90e484,112793,How long did I use my new binoculars before I saw the American goldfinches returning to the area?,Two weeks,FUTURE_ERROR: Connection error.
gpt4_88806d6e,114676,"Who did I meet first, Mark and Sarah or Tom?",Tom,FUTURE_ERROR: Connection error.
gpt4_4cd9eba1,114465,How many weeks have I been accepted into the exchange program when I started attending the pre-departure orientation sessions?,one week,FUTURE_ERROR: Connection error.
gpt4_93f6379c,111980,"Which group did I join first, 'Page Turners' or 'Marketing Professionals'?",Page Turners,FUTURE_ERROR: Connection error.
b29f3365,113827,How long had I been taking guitar lessons when I bought the new guitar amp?,Four weeks,FUTURE_ERROR: Connection error.
gpt4_2f56ae70,111622,Which streaming service did I start using most recently?,Disney+,FUTURE_ERROR: Connection error.
6613b389,113499,How many months before my anniversary did Rachel get engaged?,2,FUTURE_ERROR: Connection error.
gpt4_78cf46a3,112882,"Which event happened first, the narrator losing their phone charger or the narrator receiving their new phone case?",Receiving the new phone case,FUTURE_ERROR: Connection error.
gpt4_0a05b494,112183,"Who did I meet first, the woman selling jam at the farmer's market or the tourist from Australia?",the woman selling jam at the farmer's market,FUTURE_ERROR: Connection error.
gpt4_1a1dc16d,113785,"Which event happened first, the meeting with Rachel or the pride parade?",The meeting with Rachel,FUTURE_ERROR: Connection error.
gpt4_2f584639,111014,"Which gift did I buy first, the necklace for my sister or the photo album for my mom?",the photo album for my mom,FUTURE_ERROR: Connection error.
gpt4_213fd887,110748,"Which event did I participate in first, the volleyball league or the charity 5K run to raise money for a local children's hospital?",volleyball league,FUTURE_ERROR: Connection error.
gpt4_5438fa52,111409,"Which event happened first, my attendance at a cultural festival or the start of my Spanish classes?",Spanish classes,FUTURE_ERROR: Connection error.
gpt4_c27434e8,113787,"Which project did I start first, the Ferrari model or the Japanese Zero fighter plane model?",Japanese Zero fighter plane model,FUTURE_ERROR: Connection error.
gpt4_fe651585,111016,"Who became a parent first, Rachel or Alex?",Alex,FUTURE_ERROR: Connection error.
8c18457d,112295,How many days had passed between the day I bought a gift for my brother's graduation ceremony and the day I bought a birthday gift for my best friend?,7 days. 8 days (including the last day) is also acceptable.,FUTURE_ERROR: Connection error.
gpt4_70e84552_abs,114442,"Which task did I complete first, fixing the fence or purchasing three cows from Peter?",The information provided is not enough. You mentioned fixing the fence but did not mention purchasing cows from Peter.,FUTURE_ERROR: Connection error.
982b5123_abs,114281,When did I book the Airbnb in Sacramento?,The information provided is not enough. You only mentioned booking Airbnb in San Francisco.,FUTURE_ERROR: Connection error.
c8090214_abs,112253,How many days before I bought my iPad did I attend the Holiday Market?,"The information provided is not enough. You mentioned getting the iPhone 13 Pro and attending the market, but you did not mention buying an iPad.",FUTURE_ERROR: Connection error.
gpt4_c27434e8_abs,113345,"Which project did I start first, the Ferrari model or the Porsche 991 Turbo S model?",The information provided is not enough. You did not mention starting the Porsche 991 Turbo S model.,FUTURE_ERROR: Connection error.
gpt4_fe651585_abs,112222,"Who became a parent first, Tom or Alex?","The information provided is not enough. You mentioned Alex becoming a parent in January, but you didn't mention anything about Tom.",FUTURE_ERROR: Connection error.
6a1eabeb,111803,What was my personal best time in the charity 5K run?,25 minutes and 50 seconds (or 25:50),FUTURE_ERROR: Connection error.
6aeb4375,110247,How many Korean restaurants have I tried in my city?,four,FUTURE_ERROR: Connection error.
830ce83f,111937,Where did Rachel move to after her recent relocation?,the suburbs,FUTURE_ERROR: Connection error.
945e3d21,114065,How often do I attend yoga classes to help with my anxiety?,Three times a week.,FUTURE_ERROR: Connection error.
d7c942c3,114010,Is my mom using the same grocery list method as me?,Yes.,FUTURE_ERROR: Connection error.
71315a70,113475,How many hours have I spent on my abstract ocean sculpture?,10-12 hours,FUTURE_ERROR: Connection error.
89941a93,113630,How many bikes do I currently own?,4,FUTURE_ERROR: Connection error.
ce6d2d27,112990,What day of the week do I take a cocktail-making class?,Friday,FUTURE_ERROR: Connection error.
07741c44,112992,Where do I initially keep my old sneakers?,under my bed,FUTURE_ERROR: Connection error.
a1eacc2a,112343,How many short stories have I written since I started writing regularly?,seven,FUTURE_ERROR: Connection error.
184da446,111197,How many pages of 'A Short History of Nearly Everything' have I read so far?,220,FUTURE_ERROR: Connection error.
031748ae,113976,How many engineers do I lead when I just started my new role as Senior Software Engineer? How many engineers do I lead now?,"When you just started your new role as Senior Software Engineer, you led 4 engineers. Now, you lead 5 engineers",FUTURE_ERROR: Connection error.
4d6b87c8,110585,How many titles are currently on my to-watch list?,25,FUTURE_ERROR: Connection error.
0f05491a,111938,How many stars do I need to reach the gold level on my Starbucks Rewards app?,120,FUTURE_ERROR: Connection error.
08e075c7,113046,How long have I been using my Fitbit Charge 3?,9 months,FUTURE_ERROR: Connection error.
41698283,112118,What type of camera lens did I purchase most recently?,a 70-200mm zoom lens,FUTURE_ERROR: Connection error.
2698e78f,114167,"How often do I see my therapist, Dr. Smith?",every week,FUTURE_ERROR: Connection error.
b6019101,113750,How many MCU films did I watch in the last 3 months?,5,FUTURE_ERROR: Connection error.
45dc21b6,112486,How many of Emma's recipes have I tried out?,3,FUTURE_ERROR: Connection error.
5a4f22c0,114133,"What company is Rachel, an old colleague from my previous company, currently working at?",TechCorp,FUTURE_ERROR: Connection error.
6071bd76,112330,"For the coffee-to-water ratio in my French press, did I switch to more water per tablespoon of coffee, or less?",You switched to less water (5 ounces) per tablespoon of coffee.,FUTURE_ERROR: Connection error.
e493bb7c,114017,Where is the painting 'Ethereal Dreams' by Emma Taylor currently hanging?,in my bedroom,FUTURE_ERROR: Connection error.
618f13b2,113911,How many times have I worn my new black Converse Chuck Taylor All Star sneakers?,six,FUTURE_ERROR: Connection error.
72e3ee87,112365,How many episodes of the Science series have I completed on Crash Course?,50,FUTURE_ERROR: Connection error.
c4ea545c,112721,Do I go to the gym more frequently than I did previously?,Yes,FUTURE_ERROR: Connection error.
01493427,112113,How many new postcards have I added to my collection since I started collecting again?,25,FUTURE_ERROR: Connection error.
6a27ffc2,111312,How many videos of Corey Schafer's Python programming series have I completed so far?,30,FUTURE_ERROR: Connection error.
18bc8abd,109639,What brand of BBQ sauce am I currently obsessed with?,Kansas City Masterpiece,FUTURE_ERROR: Connection error.
db467c8c,112318,How long have my parents been staying with me in the US?,nine months,FUTURE_ERROR: Connection error.
7a87bd0c,113594,How long have I been sticking to my daily tidying routine?,4 weeks,FUTURE_ERROR: Connection error.
e61a7584,113123,"How long have I had my cat, Luna?",9 months,FUTURE_ERROR: Connection error.
1cea1afa,113983,How many Instagram followers do I currently have?,600,FUTURE_ERROR: Connection error.
ed4ddc30,112978,How many dozen eggs do we currently have stocked up in our refrigerator?,20,FUTURE_ERROR: Connection error.
8fb83627,111285,How many issues of National Geographic have I finished reading?,Five,FUTURE_ERROR: Connection error.
b01defab,114625,Did I finish reading 'The Nightingale' by Kristin Hannah?,Yes,FUTURE_ERROR: Connection error.
22d2cb42,112090,Where did I get my guitar serviced?,The music shop on Main St.,FUTURE_ERROR: Connection error.
0e4e4c46,112878,What is my current highest score in Ticket to Ride?,132 points,FUTURE_ERROR: Connection error.
4b24c848,113276,How many tops have I bought from H&M so far?,five,FUTURE_ERROR: Connection error.
7e974930,111252,How much did I earn at the Downtown Farmers Market on my most recent visit?,$420,FUTURE_ERROR: Connection error.
603deb26,114548,How many times have I tried making a Negroni at home since my friend Emma showed me how to make it?,10,FUTURE_ERROR: Connection error.
5831f84d,111809,How many Crash Course videos have I watched in the past few weeks?,15,FUTURE_ERROR: Connection error.
eace081b,113890,Where am I planning to stay for my birthday trip to Hawaii?,Oahu,FUTURE_ERROR: Connection error.
affe2881,112477,How many different species of birds have I seen in my local park?,32,FUTURE_ERROR: Connection error.
50635ada,114080,What was my previous frequent flyer status on United Airlines before I got the current status?,Premier Silver,FUTURE_ERROR: Connection error.
0ddfec37,111020,How many autographed baseballs have I added to my collection in the first three months of collection?,15,FUTURE_ERROR: Connection error.
f685340e,111889,How often do I play tennis with my friends at the local park previously? How often do I play now?,"Previously, you play tennis with your friends at the local park every week (on Sunday). Currently, you play tennis every other week (on Sunday).",FUTURE_ERROR: Connection error.
cc5ded98,111777,How much time do I dedicate to coding exercises each day?,about two hours,FUTURE_ERROR: Connection error.
dfde3500,112130,What day of the week did I meet with my previous language exchange tutor Juan?,Wednesday,FUTURE_ERROR: Connection error.
69fee5aa,112583,How many pre-1920 American coins do I have in my collection?,38,FUTURE_ERROR: Connection error.
7401057b,110883,How many free night's stays can I redeem at any Hilton property with my accumulated points?,Two,FUTURE_ERROR: Connection error.
cf22b7bf,111935,How much weight have I lost since I started going to the gym consistently?,10 pounds,FUTURE_ERROR: Connection error.
c7dc5443,113833,What is my current record in the recreational volleyball league?,5-2,FUTURE_ERROR: Connection error.
06db6396,113884,How many projects have I completed since starting painting classes?,5,FUTURE_ERROR: Connection error.
3ba21379,111506,What type of vehicle model am I currently working on?,Ford F-150 pickup truck,FUTURE_ERROR: Connection error.
9bbe84a2,111701,What was my previous goal for my Apex Legends level before I updated my goal?,level 100,FUTURE_ERROR: Connection error.
10e09553,111595,How many largemouth bass did I catch with Alex on the earlier fishing trip to Lake Michigan before the 7/22 trip?,7,FUTURE_ERROR: Connection error.
dad224aa,112850,What time do I wake up on Saturday mornings?,7:30 am,FUTURE_ERROR: Connection error.
ba61f0b9,113730,How many women are on the team led by my former manager Rachel?,6,FUTURE_ERROR: Connection error.
42ec0761,112287,Do I have a spare screwdriver for opening up my laptop?,Yes,FUTURE_ERROR: Connection error.
5c40ec5b,111266,How many times have I met up with Alex from Germany?,We've met up twice.,FUTURE_ERROR: Connection error.
c6853660,112690,Did I mostly recently increase or decrease the limit on the number of cups of coffee in the morning?,You increased the limit (from one cup to two cups),FUTURE_ERROR: Connection error.
26bdc477,113515,How many trips have I taken my Canon EOS 80D camera on?,five,FUTURE_ERROR: Connection error.
0977f2af,112399,What new kitchen gadget did I invest in before getting the Air Fryer?,Instant Pot,FUTURE_ERROR: Connection error.
f685340e_abs,113906,How often do I play table tennis with my friends at the local park?,The information provided is not enough. You mentioned playing tennis but not table tennis.,FUTURE_ERROR: Connection error.
89941a94,112767,"Before I purchased the gravel bike, do I have other bikes in addition to my mountain bike and my commuter bike?",Yes. (You have a road bike too.),FUTURE_ERROR: Connection error.
