custom_id,token_count,question,answer,output,llm_judge_output
0a995998,100,How many items of clothing do I need to pick up or return from a store?,3,I'm not aware of any specific information about your clothing needs.,false
b5ef892d,100,How many days did I spend on camping trips in the United States this year?,8 days.,I don't have any information about your camping trips.,false
e831120c,100,How many weeks did it take me to watch all the Marvel Cinematic Universe movies and the main Star Wars films?,3.5 weeks,10,false
3a704032,100,How many plants did I acquire in the last month?,3,I don't have any information about you acquiring plants in the last month.,false
aae3761f,100,How many hours in total did I spend driving to my three road trip destinations combined?,15 hours for getting to the three destinations (or 30 hours for the round trip),"I don't have any information about your road trip or how much time you spent driving. This conversation just started, and we only discussed succulent propagation so far. If you'd like to share more about your road trip, I'm here to help!",false
gpt4_f2262a51,100,How many different doctors did I visit?,"I visited three different doctors: a primary care physician, an ENT specialist, and a dermatologist.","I don't have any information about you visiting doctors, so I can't provide an answer to this question.",false
dd2973ad,100,What time did I go to bed on the day before I had a doctor's appointment?,2 AM,"I'm not sure what you're referring to, as this conversation just started.",false
c4a1ceb8,100,How many different types of citrus fruits have I used in my cocktail recipes?,3,2,false
gpt4_a56e767c,100,How many movie festivals that I attended?,I attended four movie festivals.,0,false
6cb6f249,100,How many days did I take social media breaks in total?,17 days,"I didn't see any information about you taking social media breaks. This conversation just started, and we haven't discussed anything related to social media breaks.",false
46a3abf7,100,"How many tanks do I currently have, including the one I set up for my friend's kid?",3,I don't have any information about you having tanks.,false
36b9f61e,100,What is the total amount I spent on luxury items in the past few months?,"$2,500",I don't have any information about your spending habits or purchases.,false
28dc39ac,100,How many hours have I spent playing games in total?,140 hours,"I don't have any information about your gaming activities, so I can't provide an answer.",false
gpt4_2f8be40d,100,How many weddings have I attended in this year?,"I attended three weddings. The couples were Rachel and Mike, Emily and Sarah, and Jen and Tom.","I don't have any information about you attending weddings, so I can't provide an answer to that question.",false
2e6d26dc,100,How many babies were born to friends and family members in the last few months?,5,I don't have any information about babies being born to friends and family members in the last few months.,false
gpt4_15e38248,100,"How many pieces of furniture did I buy, assemble, sell, or fix in the past few months?",4,"I don't have any information about you buying, assembling, selling, or fixing furniture.",false
88432d0a,100,How many times did I bake something in the past two weeks?,4,Once,false
80ec1f4f,100,How many different museums or galleries did I visit in the month of February?,2,I don't have any information about you visiting museums or galleries in February.,false
d23cf73b,100,How many different cuisines have I learned to cook or tried out in the past few months?,4,2,false
gpt4_7fce9456,100,How many properties did I view before making an offer on the townhouse in the Brookside neighborhood?,"I viewed four properties before making an offer on the townhouse in the Brookside neighborhood. The reasons I didn't make an offer on them were: the kitchen of the bungalow needed serious renovation, the property in Cedar Creek was out of my budget, the noise from the highway was a deal-breaker for the 1-bedroom condo, and my offer on the 2-bedroom condo was rejected due to a higher bid.","I didn't see any information about you viewing a townhouse in the Brookside neighborhood, so I have nothing to report.",false
d682f1a2,100,How many different types of food delivery services have I used recently?,3,2,false
gpt4_5501fe77,100,Which social media platform did I gain the most followers on over the past month?,TikTok,"I'm not aware of any information about you gaining followers on a social media platform. Our conversation just started, and I don't have any prior knowledge about your online activities.",false
gpt4_2ba83207,100,Which grocery store did I spend the most money at in the past month?,Thrive Market,I'm not able to provide information about your personal spending habits or activities. Can I help you with something else?,false
2318644b,100,How much more did I spend on accommodations per night in Hawaii compared to Tokyo?,$270,I don't have any information about your previous trip or accommodation costs. This conversation just started.,false
2ce6a0f2,100,How many different art-related events did I attend in the past month?,4,2,false
gpt4_d12ceb0e,100,"What is the average age of me, my parents, and my grandparents?",59.6,34.6,false
00ca467f,100,How many doctor's appointments did I go to in March?,2,0,true
b3c15d39,100,How many days did it take for me to receive the new remote shutter release after I ordered it?,5 days. 6 days (including the last day) is also acceptable.,I don't have any information about you ordering a remote shutter release.,false
gpt4_31ff4165,100,How many health-related devices do I use in a day?,4,4,true
eeda8a6d,100,How many fish are there in total in both of my aquariums?,17,"I don't have any information about your aquariums, so I can only say that I don't know how many fish are in them.",false
2788b940,100,How many fitness classes do I attend in a typical week?,4,I don't have that information.,false
60bf93ed,100,How many days did it take for my laptop backpack to arrive after I bought it?,5 days. 6 days (including the last day) is also acceptable.,I don't have any information about a laptop backpack arrival time.,false
9d25d4e0,100,How many pieces of jewelry did I acquire in the last two months?,3,I don't have any information about you acquiring jewelry.,false
129d1232,100,How much money did I raise in total through all the charity events I participated in?,"$5,850","I don't have any information about you participating in charity events or raising money for them. Our conversation started with your questions about vintage cameras and other topics, but I didn't receive any information about charity events.",false
60472f9c,100,"How many projects have I been working on simultaneously, excluding my thesis?",2,2,true
gpt4_194be4b3,100,How many musical instruments do I currently own?,"I currently own 4 musical instruments. I've had the Fender Stratocaster electric guitar for 5 years, the Yamaha FG800 acoustic guitar for 8 years, the 5-piece Pearl Export drum set for an unspecified amount of time, and the Korg B1 piano for 3 years.",I don't have any information about your current ownership of musical instruments.,false
d851d5ba,100,How much money did I raise for charity in total?,"$3,750","I don't have any information about you raising money for charity, so I can't provide an answer.",false
5a7937c8,100,How many days did I spend participating in faith-related activities in December?,3 days.,1,false
gpt4_ab202e7f,100,How many kitchen items did I replace or fix?,"I replaced or fixed five items: the kitchen faucet, the kitchen mat, the toaster, the coffee maker, and the kitchen shelves.",0,false
gpt4_e05b82a6,100,How many times did I ride rollercoasters across all the events I attended from July to October?,10 times,2,false
gpt4_731e37d7,100,How much total money did I spend on attending workshops in the last four months?,$720,"You didn't provide any information about spending money on workshops, so I have nothing to base an answer on.",false
edced276,100,How many days did I spend in total traveling in Hawaii and in New York City?,15 days,7,false
10d9b85a,100,"How many days did I spend attending workshops, lectures, and conferences in April?",3 days,0,true
e3038f8c,100,How many rare items do I have in total?,99,0,true
2b8f3739,100,What is the total amount of money I earned from selling my products at the markets?,$495,$1200,false
1a8a66a6,100,How many magazine subscriptions do I currently have?,2,I don't have any information about your current magazine subscriptions.,false
c2ac3c61,100,How many online courses have I completed in total?,5,2,false
gpt4_372c3eed,100,How many years in total did I spend in formal education from high school to the completion of my Bachelor's degree?,10 years,4,false
gpt4_2f91af09,100,"How many total pieces of writing have I completed since I started writing again three weeks ago, including short stories, poems, and pieces for the writing challenge?",23,5,false
81507db6,100,How many graduation ceremonies have I attended in the past three months?,3,0,false
eeda8a6d_abs,100,How many fish are there in my 30-gallon tank?,The information provided is not enough. You did not mention that you have a 30-gallon tank.,"I don't have any information about your tank, so I can't provide an answer.",false
edced276_abs,100,How many days did I spend in total traveling in Hawaii and in Seattle?,The information provided is not enough. You mentioned traveling for 10 days in Hawaii but did not mention abything about the trip to Seattle.,Not enough information is provided to determine how many days you spent traveling in Hawaii and Seattle.,true
d3ab962e,100,What is the total distance of the hikes I did on two consecutive weekends?,8 miles,Not enough information provided to calculate the total distance of the hikes.,false
2311e44b,100,How many pages do I have left to read in 'The Nightingale'?,190,"I don't have any information about your reading progress or the book ""The Nightingale"".",false
cc06de0d,100,"For my daily commute, how much more expensive was the taxi ride compared to the train fare?",$6,The conversation has ended.,false
a11281a2,100,What was the approximate increase in Instagram followers I experienced in two weeks?,100,I don't have any information about your Instagram followers or their growth rate.,false
4f54b7c9,100,How many antique items did I inherit or acquire from my family members?,5,I don't have any information about you inheriting or acquiring antique items from your family members.,false
85fa3a3f,100,"What is the total cost of the new food bowl, measuring cup, dental chews, and flea and tick collar I got for Max?",$50,"Unfortunately, I don't have any information about the items you purchased for Max.",false
9aaed6a3,100,How much cashback did I earn at SaveMart last Thursday?,$0.75,I'm not able to provide information about your specific shopping experience or earnings at SaveMart. Is there anything else I can help you with?,false
1f2b8d4f,100,What is the difference in price between my luxury boots and the similar pair found at the budget store?,$750,"Sorry, I don't have access to that information.",false
e6041065,100,What percentage of packed shoes did I wear on my last trip?,40%,0%,true
51c32626,100,When did I submit my research paper on sentiment analysis?,February 1st,You didn't,false
d905b33f,100,What percentage discount did I get on the book from my favorite author?,20%,I don't have any information about a book purchase or a discount.,false
7405e8b1,100,"Did I receive a higher percentage discount on my first order from HelloFresh, compared to my first UberEats order?",Yes.,No,false
f35224e0,100,What is the total number of episodes I've listened to from 'How I Built This' and 'My Favorite Murder'?,27,I don't have any information about your listening history for these podcasts.,false
6456829e,100,How many plants did I initially plant for tomatoes and cucumbers?,8,I don't have any information about you planting plants for tomatoes and cucumbers.,false
a4996e51,100,How many hours do I work in a typical week during peak campaign seasons?,50,40,false
3c1045c8,100,How much older am I than the average age of employees in my department?,2.5 years,I don't have enough information to provide an accurate answer.,false
60036106,100,What was the total number of people reached by my Facebook ad campaign and Instagram influencer collaboration?,"12,000",Not enough information is provided to give an accurate answer.,false
681a1674,100,How many Marvel movies did I re-watch?,2,2,true
e25c3b8d,100,How much did I save on the designer handbag at TK Maxx?,$300,"I don't have any information about you purchasing a designer handbag at TK Maxx, so I can't provide an answer to this question.",true
4adc0475,100,What is the total number of goals and assists I have in the recreational indoor soccer league?,5,I don't have any information about your recreational indoor soccer league goals and assists.,false
4bc144e2,100,How much did I spend on car wash and parking ticket?,$65,I don't have any information about you spending money on a car wash or parking ticket.,false
ef66a6e5,100,How many sports have I played competitively in the past?,two,"I don't have any information about you playing sports competitively, so I can't provide an answer.",false
5025383b,100,What are the two hobbies that led me to join online communities?,photography and cooking,Cooking,false
a1cc6108,100,How old was I when Alex was born?,11,I don't have any information about you or Alex's birthdate.,false
9ee3ecd6,100,How many points do I need to earn to redeem a free skincare product at Sephora?,100,150,false
3fdac837,100,What is the total number of days I spent in Japan and Chicago?,"11 days (or 12 days, if April 15th to 22nd is considered as 8 days)","I don't have any information about your previous activities, so I can only tell you that I don't know how many days you spent in Japan and Chicago.",false
91b15a6e,100,What is the minimum amount I could get if I sold the vintage diamond necklace and the antique vanity?,"$5,150",$0,true
27016adc,100,What percentage of the countryside property's price is the cost of the renovations I plan to do on my current house?,10%,I don't have enough information to provide an accurate answer. Can you please provide more context or details about your question?,false
720133ac,100,What is the total cost of Lola's vet visit and flea medication?,$75,"I don't have any information about Lola's vet visit or flea medication costs. This conversation started with a discussion about TV shows, and I didn't receive any mention of Lola or her expenses.",false
77eafa52,100,How much more did I have to pay for the trip after the initial quote?,$300,$500,false
8979f9ec,100,What is the total number of lunch meals I got from the chicken fajitas and lentil soup?,8 meals,2,false
0100672e,100,How much did I spend on each coffee mug for my coworkers?,$12,"I don't have any information about you spending money on coffee mugs for your coworkers. This conversation just started, and we haven't discussed anything related to that topic. If you'd like to share more context, I'll do my best to help!",false
a96c20ee,100,At which university did I present a poster on my thesis research?,Harvard University,"I don't have any information about you presenting a poster on your thesis research, so I can't provide an answer.",false
92a0aa75,100,How long have I been working in my current role?,1 year and 5 months,Less than a year.,false
3fe836c9,100,How much more was the pre-approval amount than the final sale price of the house?,"$25,000","I don't have any information about a house sale or pre-approval amount. Our conversation started with a discussion about birds and birding, and I'm not aware of any context that would relate to a house sale. If you'd like to start a new topic or ask a question related to birds or birding, I'd be happy to try and assist you!",true
1c549ce4,100,What is the total cost of the car cover and detailing spray I purchased?,$140,"Sorry, I don't have access to that information.",false
6c49646a,100,What is the total distance I covered in my four road trips?,"3,000 miles","I don't have any information about your road trips, so I can't provide an answer.",false
1192316e,100,What is the total time it takes I to get ready and commute to work?,an hour and a half,45 minutes,false
0ea62687,100,How much more miles per gallon was my car getting a few months ago compared to now?,2,0.01,false
67e0d0f2,100,What is the total number of online courses I've completed?,20,0,false
bb7c3b45,100,How much did I save on the Jimmy Choo heels?,$300,"I don't have any information about you purchasing Jimmy Choo heels, so I'm not able to provide a savings amount.",true
ba358f49,100,How many years will I be when my friend Rachel gets married?,33,"I don't know your birthdate, so I can't calculate that for you.",false
61f8c8f8,100,How much faster did I finish the 5K run compared to my previous year's time?,10 minutes,I don't have any information about your 5K run times.,false
60159905,100,How many dinner parties have I attended in the past month?,three,0,false
ef9cf60a,100,How much did I spend on gifts for my sister?,$300,,false
73d42213,100,What time did I reach the clinic on Monday?,9:00 AM,There is no information about you reaching a clinic on Monday.,false
bc149d6b,100,What is the total weight of the new feed I purchased in the past two months?,70 pounds,I don't have any information about a new feed purchase.,false
099778bb,100,What percentage of leadership positions do women hold in the my company?,20%,20%,true
09ba9854,100,How much will I save by taking the train from the airport to my hotel instead of a taxi?,$50,"The exact cost savings will depend on the specific routes, modes of transportation, and prices in your area. However, as a rough estimate, taking the train from an airport to a city center can be 20-50% cheaper than taking a taxi. For example, if a taxi ride costs $25, the train might cost around $15-$12.50.",false
d6062bb9,100,What is the total number of views on my most popular videos on YouTube and TikTok?,"1,998","I don't have any information about your most popular videos on YouTube and TikTok. Our conversation just started, and I don't have any prior knowledge about you or your online presence.",false
c18a7dc8,100,How many years older am I than when I graduated from college?,7,"I'm not capable of knowing your age or graduation date, so I can't provide an answer to this question.",false
a3332713,100,What is the total amount I spent on gifts for my coworker and brother?,$200,"I don't have any information about your spending habits or gift-giving activities, so I can't provide an answer to that question.",false
55241a1f,100,What is the total number of comments on my recent Facebook Live session and my most popular YouTube video?,33,0,false
a08a253f,100,How many days a week do I attend fitness classes?,4 days.,I don't have that information.,false
f0e564bc,100,What is the total amount I spent on the designer handbag and high-end skincare products?,"$1,300","I don't have any information about your spending habits or purchases. Our conversation just started, and you haven't mentioned anything about buying a designer handbag or high-end skincare products. If you'd like to discuss something specific, I'm here to help!",false
078150f1,100,How much more money did I raise than my initial goal in the charity cycling event?,$50,"$10,000",false
8cf4d046,100,What is the average GPA of my undergraduate and graduate studies?,3.83,3.86,false
a346bb18,100,How many minutes did I exceed my target time by in the marathon?,12,Not enough information is provided to calculate this.,true
8e91e7d9,100,What is the total number of siblings I have?,4,"I don't have any information about your family or siblings, so I can't provide an answer to this question.",false
87f22b4a,100,How much have I made from selling eggs this month?,$120,I don't have any information about you selling eggs or your earnings.,false
e56a43b9,100,How much discount will I get on my next purchase at FreshMart?,$5,10%,false
21d02d0d,100,How many fun runs did I miss in March due to work commitments?,2,,false
2311e44b_abs,100,How many pages do I have left to read in 'Sapiens'?,The information provided is not enough. You did not mention how many paged do you have left to read in 'Sapiens'.,0,true
6456829e_abs,100,How many plants did I initially plant for tomatoes and chili peppers?,The information provided is not enough. You mentioned planting 5 plants for tomatoes but you did not mention chili peppers.,I don't have any information about you planting tomatoes and chili peppers.,false
e5ba910e_abs,100,What is the total cost of my recently purchased headphones and the iPad?,"The information provided is not enough. You mentioned purchasing a headphone, but you did not mention the iPad.","I don't have any information about your recent purchases, including the cost of your headphones and iPad. Our conversation started with a question about meal planning and recipes, and I don't have access to your personal financial information or purchase history.",true
09ba9854_abs,100,How much will I save by taking the bus from the airport to my hotel instead of a taxi?,The information provided is not enough. You did not mention how much will the bus take.,"You won't save anything, as the cost of a taxi and the bus are likely to be the same.",false
gpt4_59149c77,100,How many days passed between my visit to the Museum of Modern Art (MoMA) and the 'Ancient Civilizations' exhibit at the Metropolitan Museum of Art?,7 days. 8 days (including the last day) is also acceptable.,No information was provided about your previous visit to MoMA or the date you visited the 'Ancient Civilizations' exhibit at the Metropolitan Museum of Art.,false
gpt4_f49edff3,100,"Which three events happened in the order from first to last: the day I helped my friend prepare the nursery, the day I helped my cousin pick out stuff for her baby shower, and the day I ordered a customized phone case for my friend's birthday?","First, I helped my friend prepare the nursery, then I helped my cousin pick out stuff for her baby shower, and lastly, I ordered a customized phone case for my friend's birthday.",I don't have any information about these events.,false
71017276,100,How many weeks ago did I meet up with my aunt and receive the crystal chandelier?,4,I don't have any information about you meeting up with your aunt or receiving a crystal chandelier.,false
b46e15ed,100,"How many months have passed since I participated in two charity events in a row, on consecutive days?",2,2,true
gpt4_fa19884c,100,How many days passed between the day I started playing along to my favorite songs on my old keyboard and the day I discovered a bluegrass band?,6 days. 7 days (including the last day) is also acceptable.,"I don't have any information about you starting to play along to your favorite songs on an old keyboard, so I can't provide an answer.",false
0bc8ad92,100,How many months have passed since I last visited a museum with a friend?,5,"No information is provided about visiting a museum with a friend, so no answer can be given.",false
af082822,100,How many weeks ago did I attend the friends and family sale at Nordstrom?,2,4,false
gpt4_4929293a,100,"Which event happened first, my cousin's wedding or Michael's engagement party?",Michael's engagement party,I don't have any information about your cousin's wedding or Michael's engagement party.,false
gpt4_b5700ca9,100,How many days ago did I attend the Maundy Thursday service at the Episcopal Church?,4 days.,2023/04/06 (Thu),false
gpt4_1d4ab0c9,100,How many days passed between the day I started watering my herb garden and the day I harvested my first batch of fresh herbs?,24 days. 25 days (including the last day) is also acceptable.,"No information was provided about starting to water an herb garden or harvesting fresh herbs, so no answer can be given.",false
gpt4_e072b769,100,How many weeks ago did I start using the cashback app 'Ibotta'?,3 weeks ago,4,false
0db4c65d,100,"How many days had passed since I finished reading 'The Seven Husbands of Evelyn Hugo' when I attended the book reading event at the local library, where the author of 'The Silent Patient' is discussing her latest thriller novel?",18 days. 19 days (including the last day) is also acceptable.,14,false
gpt4_1d80365e,100,How many days did I spend on my solo camping trip to Yosemite National Park?,2 days. 3 days (including the last day) is also acceptable.,I don't have any information about your solo camping trip to Yosemite National Park.,false
gpt4_6dc9b45b,100,How many months ago did I attend the Seattle International Film Festival?,4 months ago,August,false
gpt4_8279ba02,100,How many days ago did I buy a smoker?,10 days ago. 11 days (including the last day) is also acceptable.,"I don't have any information about you buying a smoker, so I can't provide an answer to this question.",false
gpt4_18c2b244,100,"What is the order of the three events: 'I signed up for the rewards program at ShopRite', 'I used a Buy One Get One Free coupon on Luvs diapers at Walmart', and 'I redeemed $12 cashback for a $10 Amazon gift card from Ibotta'?","First, I used a Buy One Get One Free coupon on Luvs diapers at Walmart. Then, I redeemed $12 cashback for a $10 Amazon gift card from Ibotta. Finally, I signed up for the rewards program at ShopRite.","1. 'I signed up for the rewards program at ShopRite'
2. 'I used a Buy One Get One Free coupon on Luvs diapers at Walmart'
3. 'I redeemed $12 cashback for a $10 Amazon gift card from Ibotta'",false
gpt4_a1b77f9c,100,How many weeks in total do I spent on reading 'The Nightingale' and listening to 'Sapiens: A Brief History of Humankind' and 'The Power'?,"2 weeks for 'The Nightingale', 4 weeks for 'Sapiens: A Brief History of Humankind', and 2 weeks for 'The Power', so a total of 8 weeks.",12,false
gpt4_1916e0ea,100,How many days passed between the day I cancelled my FarmFresh subscription and the day I did my online grocery shopping from Instacart?,54 days. 55 days (including the last day) is also acceptable.,14,false
gpt4_7a0daae1,100,How many weeks passed between the day I bought my new tennis racket and the day I received it?,1 week,4,false
gpt4_468eb063,100,How many days ago did I meet Emma?,9 days ago. 10 days (including the last day) is also acceptable.,"I don't have any information about you meeting Emma, so I can't provide an answer.",false
gpt4_7abb270c,100,What is the order of the six museums I visited from earliest to latest?,"Science Museum, Museum of Contemporary Art, Metropolitan Museum of Art, Museum of History, Modern Art Museum, Natural History Museum","Sorry, I don't have any information about the six museums you visited.",false
gpt4_1e4a8aeb,100,How many days passed between the day I attended the gardening workshop and the day I planted the tomato saplings?,6 days. 7 days (including the last day) is also acceptable.,21,false
4dfccbf7,100,How many days had passed since I started taking ukulele lessons when I decided to take my acoustic guitar to the guitar tech for servicing?,24 days. 25 days (including the last day) is also acceptable.,,false
gpt4_61e13b3c,100,How many weeks passed between the time I sold homemade baked goods at the Farmers' Market for the last time and the time I participated in the Spring Fling Market?,3 weeks,6,false
gpt4_45189cb4,100,What is the order of the sports events I watched in January?,"First, I attended a NBA game at the Staples Center, then I watched the College Football National Championship game, and finally, I watched the NFL playoffs.","I didn't watch any sports events with you, so I don't have an answer to provide.",false
2ebe6c90,100,How many days did it take me to finish 'The Nightingale' by Kristin Hannah?,21 days. 22 days (including the last day) is also acceptable.,"I don't have any information about you reading a book called ""The Nightingale"" by Kristin Hannah.",false
gpt4_e061b84f,100,"What is the order of the three sports events I participated in during the past month, from earliest to latest?","I first completed the Spring Sprint Triathlon, then took part in the Midsummer 5K Run, and finally participated in the company's annual charity soccer tournament.",I don't have any information about you participating in sports events.,false
gpt4_d6585ce8,100,"What is the order of the concerts and musical events I attended in the past two months, starting from the earliest?","The order of the concerts I attended is: 1. Billie Eilish concert at the Wells Fargo Center in Philly, 2. Free outdoor concert series in the park, 3. Music festival in Brooklyn, 4. Jazz night at a local bar, 5. Queen + Adam Lambert concert at the Prudential Center in Newark, NJ.","You attended a music festival in Brooklyn on March 12, 2023.
You attended a concert by Yungblud on April 8, 2023.
You attended a concert by The Regrettes on April 15, 2023.
You attended the Panorama Music Festival on July 24-26, 2023.",false
gpt4_4ef30696,100,How many days passed between the day I finished reading 'The Nightingale' and the day I started reading 'The Hitchhiker's Guide to the Galaxy'?,1 day. 2 days (including the last day) is also acceptable.,2022/03/27 (Sun) - 2022/04/01 (Thu) = 5 days,false
gpt4_ec93e27f,100,"Which mode of transport did I use most recently, a bus or a train?",train,I didn't receive any information about your recent transportation mode.,false
6e984301,100,How many weeks have I been taking sculpting classes when I invested in my own set of sculpting tools?,3,I don't have any information about you taking sculpting classes or investing in a set of sculpting tools.,false
8077ef71,100,How many days ago did I attend a networking event?,26 days. 27 days (including the last day) is also acceptable.,14,false
gpt4_8e165409,100,"How many days passed between the day I repotted the previous spider plant and the day I gave my neighbor, Mrs. Johnson, a few cuttings from my spider plant?",14 days. 15 days (including the last day) is also acceptable.,2023/03/26 (Sun) 15:53 - 2023/03/18 (Fri) = 8 days,false
gpt4_74aed68e,100,How many days passed between the day I replaced my spark plugs and the day I participated in the Turbocharged Tuesdays auto racking event?,29 days. 30 days (including the last day) is also acceptable.,"I don't have any information about you replacing your spark plugs or participating in an ""Auto Racking"" event, so I can't provide an answer to this question.",true
bcbe585f,100,How many weeks ago did I attend a bird watching workshop at the local Audubon society?,4,12,false
gpt4_21adecb5,100,How many months passed between the completion of my undergraduate degree and the submission of my master's thesis?,6 months,12,false
5e1b23de,100,How many months ago did I attend the photography workshop?,3,9,false
gpt4_98f46fc6,100,"Which event did I participate in first, the charity gala or the charity bake sale?",I participated in the charity bake sale first.,You didn't mention participating in either an event.,false
gpt4_af6db32f,100,How many days ago did I watch the Super Bowl?,17 days ago. 18 days (including the last day) is also acceptable.,2023/02/12 (Sat) - 21 days ago,false
gpt4_7ddcf75f,100,How many days ago did I go on a whitewater rafting trip in the Oregon mountains?,3 days ago. 4 days (including the last day) is also acceptable.,2023/06/15,false
gpt4_a2d1d1f6,100,How many days ago did I harvest my first batch of fresh herbs from the herb garden kit?,3 days ago. 4 days (including the last day) is also acceptable.,14,false
gpt4_85da3956,100,How many weeks ago did I attend the 'Summer Nights' festival at Universal Studios Hollywood?,3 weeks ago,"Since today is August 5, 2023, and the 'Summer Nights' festival typically takes place in July, it has been approximately 1 week since you attended the festival.",false
gpt4_b0863698,100,How many days ago did I participate in the 5K charity run?,7 days ago. 8 days (including the last day) is also acceptable.,21,false
gpt4_68e94287,100,"Which event happened first, my participation in the #PlankChallenge or my post about vegan chili recipe?",You posted a recipe for vegan chili on Instagram using the hashtag #FoodieAdventures first.,Your participation in the #PlankChallenge,false
gpt4_e414231e,100,How many days passed between the day I fixed my mountain bike and the day I decided to upgrade my road bike's pedals?,4 days. 5 days (including the last day) is also acceptable.,Not enough information is provided to accurately determine how many days have passed since you fixed your mountain bike and decided to upgrade your road bike's pedals.,false
gpt4_7ca326fa,100,"Who graduated first, second and third among Emma, Rachel and Alex?","Emma graduated first, followed by Rachel and then Alex.","I don't have any information about Emma, Rachel, and Alex's graduation order.",false
gpt4_7bc6cf22,100,How many days ago did I read the March 15th issue of The New Yorker?,12 days ago. 13 days (including the last day) is also acceptable.,16,false
2ebe6c92,100,Which book did I finish a week ago?,'The Nightingale' by Kristin Hannah,I don't have any information about you finishing a book a week ago.,false
gpt4_e061b84g,100,I mentioned participating in a sports event two weeks ago. What was the event?,The company's annual charity soccer tournament.,I don't have any information about you mentioning a sports event two weeks ago.,false
b46e15ee,100,What charity event did I participate in a month ago?,the 'Walk for Hunger' charity event,I don't have any information about you participating in a charity event a month ago.,false
gpt4_d6585ce9,100,Who did I go with to the music event last Saturday?,my parents,I didn't attend any music event with you.,false
gpt4_1e4a8aec,100,What gardening-related activity did I do two weeks ago?,planting 12 new tomato saplings,I don't have any information about your gardening activities.,false
gpt4_f420262d,100,What was the airline that I flied with on Valentine's day?,American Airlines,I don't have any information about you flying on Valentine's Day.,false
gpt4_59149c78,100,I mentioned that I participated in an art-related event two weeks ago. Where was that event held at?,The Metropolitan Museum of Art.,I don't have any information about you participating in an art-related event two weeks ago.,false
gpt4_e414231f,100,Which bike did I fixed or serviced the past weekend?,road bike,I don't have any information about you fixing or servicing a bike over the weekend.,false
gpt4_4929293b,100,What was the the life event of one of my relatives that I participated in a week ago?,my cousin's wedding,You attended your cousin Rachel's baby shower.,false
gpt4_468eb064,100,Who did I meet with during the lunch last Tuesday?,Emma,I didn't meet with anyone during lunch last Tuesday.,false
gpt4_fa19884d,100,What is the artist that I started to listen to last Friday?,a bluegrass band that features a banjo player,I don't have any information about you starting to listen to a specific artist last Friday.,false
9a707b82,100,I mentioned cooking something for my friend a couple of days ago. What was it?,a chocolate cake,I don't have any record of you mentioning cooking something for your friend a couple of days ago.,false
eac54add,100,What was the significant buisiness milestone I mentioned four weeks ago?,I signed a contract with my first client.,You didn't mention any business milestone four weeks ago.,false
4dfccbf8,100,What did I do with Rachel on the Wednesday two months ago?,I started taking ukulele lessons with Rachel.,"I didn't have any conversation with you about Rachel two months ago, so I don't have an answer for that question.",false
0bc8ad93,100,I mentioned visiting a museum two months ago. Did I visit with a friend or not?,"No, you did not visit with a friend.","No, you didn't mention visiting a museum at all in our previous conversation.",false
6e984302,100,I mentioned an investment for a competition four weeks ago? What did I buy?,I got my own set of sculpting tools.,I didn't understand what you're referring to.,false
gpt4_8279ba03,100,What kitchen appliance did I buy 10 days ago?,a smoker,I don't have any information about you buying a kitchen appliance 10 days ago.,false
gpt4_b5700ca0,100,Where did I attend the religious activity last week?,the Episcopal Church,I don't have any information about you attending a religious activity last week.,false
gpt4_68e94288,100,What was the social media activity I participated 5 days ago?,You participated in a social media challenge called #PlankChallenge.,There is no information about your previous social media activity.,false
gpt4_2655b836,100,What was the first issue I had with my new car after its first service?,GPS system not functioning correctly,"I'm a large language model, I don't have personal experiences or own physical objects, including cars. I can provide general information and answer questions to the best of my abilities. If you'd like to discuss something related to your car, feel free to ask!",false
gpt4_2487a7cb,100,"Which event did I attend first, the 'Effective Time Management' workshop or the 'Data Analysis using Python' webinar?",'Data Analysis using Python' webinar,Neither,false
gpt4_76048e76,100,"Which vehicle did I take care of first in February, the bike or the car?",bike,I don't have any information about you taking a bike or a car in February.,false
gpt4_2312f94c,100,"Which device did I got first, the Samsung Galaxy S22 or the Dell XPS 13?",Samsung Galaxy S22,I don't have any information about you owning a Samsung Galaxy S22 or a Dell XPS 13.,false
0bb5a684,100,How many days before the team meeting I was preparing for did I attend the workshop on 'Effective Communication in the Workplace'?,7 days. 8 days (including the last day) is also acceptable.,I didn't attend a workshop on 'Effective Communication in the Workplace'.,false
08f4fc43,100,How many days had passed between the Sunday mass at St. Mary's Church and the Ash Wednesday service at the cathedral?,30 days. 31 days (including the last day) is also acceptable.,There is no information in the conversation to determine how many days had passed between two church services.,true
2c63a862,100,How many days did it take for me to find a house I loved after starting to work with Rachel?,14 days. 15 days (including the last day) is also acceptable.,I don't have any information about you working with Rachel or finding a house.,false
gpt4_385a5000,100,"Which seeds were started first, the tomatoes or the marigolds?",Tomatoes,Tomatoes,false
2a1811e2,100,How many days had passed between the Hindu festival of Holi and the Sunday mass at St. Mary's Church?,21 days. 22 days (including the last day) is also acceptable.,No information provided about the question.,false
bbf86515,100,How many days before the 'Rack Fest' did I participate in the 'Turbocharged Tuesdays' event?,4 days.,"I don't have any information about you participating in an ""Turbocharged Tuesdays"" event or a ""Rack Fest"". This conversation just started, and we haven't discussed any events or activities related to these topics.",false
gpt4_5dcc0aab,100,Which pair of shoes did I clean last month?,white Adidas sneakers,I don't have any information about you cleaning a pair of shoes last month.,false
gpt4_0b2f1d21,100,"Which event happened first, the purchase of the coffee maker or the malfunction of the stand mixer?",The malfunction of the stand mixer,The purchase of the coffee maker happened before the malfunction of the stand mixer.,false
f0853d11,100,How many days had passed between the 'Walk for Hunger' event and the 'Coastal Cleanup' event?,14 days. 8 days (including the last day) is also acceptable.,7,false
gpt4_6ed717ea,100,"Which item did I purchase first, the dog bed for Max or the training pads for Luna?",Training pads for Luna,"I didn't receive any information about you purchasing items for dogs named Max and Luna. This conversation just started, and we were discussing food forests and sustainable agriculture.",false
gpt4_70e84552,100,"Which task did I complete first, fixing the fence or trimming the goats' hooves?",Fixing the fence,I didn't receive any information about you completing a task related to fixing a fence or trimming goats' hooves.,false
a3838d2b,100,How many charity events did I participate in before the 'Run for the Cure' event?,4,I don't have any information about you participating in charity events.,false
gpt4_93159ced,100,How long have I been working before I started my current job at NovaTech?,4 years and 9 months,I don't have any information about your work history or employment at NovaTech.,false
gpt4_2d58bcd6,100,"Which book did I finish reading first, 'The Hate U Give' or 'The Nightingale'?",'The Hate U Give',"You finished reading ""The Hate U Give"" first.",true
982b5123,100,How many months ago did I book the Airbnb in San Francisco?,Five months ago,March,false
b9cfe692,100,How long did I take to finish 'The Seven Husbands of Evelyn Hugo' and 'The Nightingale' combined?,5.5 weeks,I don't have any information about your reading history or completion times for these books.,false
gpt4_4edbafa2,100,What was the date on which I attended the first BBQ event in June?,June 3rd,June 10th,false
c8090214,100,How many days before I bought the iPhone 13 Pro did I attend the Holiday Market?,7 days. 8 days (including the last day) is also acceptable.,I don't have any information about you buying an iPhone 13 Pro or attending a Holiday Market.,false
gpt4_483dd43c,100,"Which show did I start watching first, 'The Crown' or 'Game of Thrones'?",'Game of Thrones',I don't have any information about you starting to watch either of those shows.,false
e4e14d04,100,How long had I been a member of 'Book Lovers Unite' when I attended the meetup?,Two weeks,I don't have that information.,false
c9f37c46,100,How long had I been watching stand-up comedy specials regularly when I attended the open mic night at the local comedy club?,2 months,I don't have that information.,false
gpt4_2c50253f,100,What time do I wake up on Tuesdays and Thursdays?,6:45 AM,08:00,false
dcfa8644,100,How many days had passed since I bought my Adidas running shoes when I realized one of the shoelaces on my old Converse sneakers had broken?,14 days. 15 days (including the last day) is also acceptable.,2022-12-31 to 2023-02-03 = 14 days,true
gpt4_b4a80587,100,"Which event happened first, the road trip to the coast or the arrival of the new prime lens?",The arrival of the new prime lens,There is no information about either an event happening before the other.,false
cc6d1ec1,100,How long had I been bird watching when I attended the bird watching workshop?,Two months,Three months,false
gpt4_8c8961ae,100,"Which trip did I take first, the one to Europe with family or the solo trip to Thailand?",The solo trip to Thailand,I don't have any information about your trips.,false
gpt4_d9af6064,100,"Which device did I set up first, the smart thermostat or the new router?",new router,I don't have any information about your devices or their setup order.,false
gpt4_7de946e7,100,"Which health issue did I deal with first, the persistent cough or the skin tag removal?",Persistent cough,You dealt with the skin tag removal first.,false
d01c6aa8,100,How old was I when I moved to the United States?,27,"I don't have any information about your age or moving to the United States, so I can't provide an answer.",true
993da5e2,100,How long had I been using the new area rug when I rearranged my living room furniture?,One week. Answers ranging from 7 days to 10 days are also acceptable.,I don't have any information about you having a new area rug or rearranging your living room furniture.,false
a3045048,100,How many days before my best friend's birthday party did I order her gift?,7 days. 8 days (including the last day) is also acceptable.,"I'm a large language model, I don't have any information about your personal life or interactions with your friends. I can only provide general information and assist with tasks within our conversation. If you'd like to discuss something else, I'm here to help!",false
gpt4_d31cdae3,100,"Which trip did the narrator take first, the solo trip to Europe or the family road trip across the American Southwest?",The family road trip across the American Southwest,The narrator took the solo trip to Europe first.,false
gpt4_cd90e484,100,How long did I use my new binoculars before I saw the American goldfinches returning to the area?,Two weeks,I didn't see that question before. This conversation just started.,false
gpt4_88806d6e,100,"Who did I meet first, Mark and Sarah or Tom?",Tom,"I didn't have a conversation with you about meeting people named Mark, Sarah, or Tom. This conversation just started.",false
gpt4_4cd9eba1,100,How many weeks have I been accepted into the exchange program when I started attending the pre-departure orientation sessions?,one week,4,false
gpt4_93f6379c,100,"Which group did I join first, 'Page Turners' or 'Marketing Professionals'?",Page Turners,"I didn't receive any information about you joining a group called 'Page Turners' or 'Marketing Professionals'. This conversation just started, and we only discussed fishing-related topics so far.",false
b29f3365,100,How long had I been taking guitar lessons when I bought the new guitar amp?,Four weeks,I don't have any information about you taking guitar lessons or buying a new guitar amp.,false
gpt4_2f56ae70,100,Which streaming service did I start using most recently?,Disney+,I don't have any information about your recent streaming habits.,false
6613b389,100,How many months before my anniversary did Rachel get engaged?,2,"I don't have any information about Rachel getting engaged, so I can't provide an answer to this question.",false
gpt4_78cf46a3,100,"Which event happened first, the narrator losing their phone charger or the narrator receiving their new phone case?",Receiving the new phone case,Neither event is mentioned in the conversation.,true
gpt4_0a05b494,100,"Who did I meet first, the woman selling jam at the farmer's market or the tourist from Australia?",the woman selling jam at the farmer's market,You didn't mention meeting anyone in your previous conversation.,false
gpt4_1a1dc16d,100,"Which event happened first, the meeting with Rachel or the pride parade?",The meeting with Rachel,I didn't have a previous conversation about this question.,false
gpt4_2f584639,100,"Which gift did I buy first, the necklace for my sister or the photo album for my mom?",the photo album for my mom,You didn't provide any information about gifts you bought.,false
gpt4_213fd887,100,"Which event did I participate in first, the volleyball league or the charity 5K run to raise money for a local children's hospital?",volleyball league,You didn't provide any information about participating in either an event.,false
gpt4_5438fa52,100,"Which event happened first, my attendance at a cultural festival or the start of my Spanish classes?",Spanish classes,Your attendance at a cultural festival.,false
gpt4_c27434e8,100,"Which project did I start first, the Ferrari model or the Japanese Zero fighter plane model?",Japanese Zero fighter plane model,"You didn't provide any information about starting a project related to either the Ferrari model or the Japanese Zero fighter plane model. The conversation started with a text about a research project and Alan Turing's style, but there was no mention of these topics.",true
gpt4_fe651585,100,"Who became a parent first, Rachel or Alex?",Alex,Neither Rachel nor Alex is mentioned as becoming a parent in the conversation history.,true
8c18457d,100,How many days had passed between the day I bought a gift for my brother's graduation ceremony and the day I bought a birthday gift for my best friend?,7 days. 8 days (including the last day) is also acceptable.,I don't have any information about you buying gifts for your brother's graduation ceremony or your best friend's birthday.,false
gpt4_70e84552_abs,100,"Which task did I complete first, fixing the fence or purchasing three cows from Peter?",The information provided is not enough. You mentioned fixing the fence but did not mention purchasing cows from Peter.,You completed fixing the fence first.,false
982b5123_abs,100,When did I book the Airbnb in Sacramento?,The information provided is not enough. You only mentioned booking Airbnb in San Francisco.,I don't have any information about booking an Airbnb in Sacramento.,true
c8090214_abs,100,How many days before I bought my iPad did I attend the Holiday Market?,"The information provided is not enough. You mentioned getting the iPhone 13 Pro and attending the market, but you did not mention buying an iPad.",I don't have any information about you buying an iPad or attending a Holiday Market.,true
gpt4_c27434e8_abs,100,"Which project did I start first, the Ferrari model or the Porsche 991 Turbo S model?",The information provided is not enough. You did not mention starting the Porsche 991 Turbo S model.,I don't have any information about you starting a project related to these cars.,true
gpt4_fe651585_abs,100,"Who became a parent first, Tom or Alex?","The information provided is not enough. You mentioned Alex becoming a parent in January, but you didn't mention anything about Tom.",I don't have any information about Tom and Alex becoming parents.,true
6a1eabeb,100,What was my personal best time in the charity 5K run?,25 minutes and 50 seconds (or 25:50),25:50,true
6aeb4375,100,How many Korean restaurants have I tried in my city?,four,Four,true
830ce83f,100,Where did Rachel move to after her recent relocation?,the suburbs,I don't have any information about a person named Rachel's recent relocation.,false
945e3d21,100,How often do I attend yoga classes to help with my anxiety?,Three times a week.,"It seems like you didn't provide any context for this question, so I'll assume it's a one-time inquiry. You can try attending yoga classes as frequently as you feel comfortable, but if you're looking for a specific recommendation, some people find that practicing yoga 2-3 times a week can be beneficial for managing anxiety.",false
d7c942c3,100,Is my mom using the same grocery list method as me?,Yes.,No,false
71315a70,100,How many hours have I spent on my abstract ocean sculpture?,10-12 hours,I don't have any information about an abstract ocean sculpture.,false
89941a93,100,How many bikes do I currently own?,4,I don't have any information about you owning bikes.,false
ce6d2d27,100,What day of the week do I take a cocktail-making class?,Friday,Saturday,false
07741c44,100,Where do I initially keep my old sneakers?,under my bed,In your closet.,false
a1eacc2a,100,How many short stories have I written since I started writing regularly?,seven,"I don't have any information about your writing habits or the number of short stories you've written. Our conversation just started, and we only discussed social media marketing and attending a local event.",false
184da446,100,How many pages of 'A Short History of Nearly Everything' have I read so far?,220,0,true
031748ae,100,How many engineers do I lead when I just started my new role as Senior Software Engineer? How many engineers do I lead now?,"When you just started your new role as Senior Software Engineer, you led 4 engineers. Now, you lead 5 engineers",One,false
4d6b87c8,100,How many titles are currently on my to-watch list?,25,0,false
0f05491a,100,How many stars do I need to reach the gold level on my Starbucks Rewards app?,120,"1,000 stars",false
08e075c7,100,How long have I been using my Fitbit Charge 3?,9 months,I don't have any information about your Fitbit Charge 3 usage.,false
41698283,100,What type of camera lens did I purchase most recently?,a 70-200mm zoom lens,70-200mm zoom lens,true
2698e78f,100,"How often do I see my therapist, Dr. Smith?",every week,"It seems like you're asking a question that's unrelated to our previous conversation about antique vases and restoration techniques. If you'd like to ask a new question or continue discussing the topic of restoration and conservation, I'm here to help!",false
b6019101,100,How many MCU films did I watch in the last 3 months?,5,"I don't have any information about your viewing history, so I can't provide an answer to that question.",true
45dc21b6,100,How many of Emma's recipes have I tried out?,3,0,false
5a4f22c0,100,"What company is Rachel, an old colleague from my previous company, currently working at?",TechCorp,I don't have any information about a person named Rachel or her current employment status.,false
6071bd76,100,"For the coffee-to-water ratio in my French press, did I switch to more water per tablespoon of coffee, or less?",You switched to less water (5 ounces) per tablespoon of coffee.,Less,true
e493bb7c,100,Where is the painting 'Ethereal Dreams' by Emma Taylor currently hanging?,in my bedroom,"I don't have any information about a painting called ""Ethereal Dreams"" by Emma Taylor.",false
618f13b2,100,How many times have I worn my new black Converse Chuck Taylor All Star sneakers?,six,"I don't have any information about you wearing a pair of Converse Chuck Taylor All Star sneakers, so I can only say that I don't know how many times you've worn them.",true
72e3ee87,100,How many episodes of the Science series have I completed on Crash Course?,50,I don't have information about your progress in the Science series on Crash Course.,false
c4ea545c,100,Do I go to the gym more frequently than I did previously?,Yes,"No, you don't have any information about your previous gym frequency in our conversation.",false
01493427,100,How many new postcards have I added to my collection since I started collecting again?,25,I don't have any information about your postcard collection.,false
6a27ffc2,100,How many videos of Corey Schafer's Python programming series have I completed so far?,30,I don't have any information about your completion status for Corey Schafer's Python programming series.,false
18bc8abd,100,What brand of BBQ sauce am I currently obsessed with?,Kansas City Masterpiece,Kansas City Masterpiece BBQ sauce,true
db467c8c,100,How long have my parents been staying with me in the US?,nine months,I don't have any information about your parents' stay in the US.,false
7a87bd0c,100,How long have I been sticking to my daily tidying routine?,4 weeks,I don't have any information about your daily tidying routine.,false
e61a7584,100,"How long have I had my cat, Luna?",9 months,I don't have any information about you having a cat named Luna.,false
1cea1afa,100,How many Instagram followers do I currently have?,600,I don't have any information about your current number of Instagram followers.,false
ed4ddc30,100,How many dozen eggs do we currently have stocked up in our refrigerator?,20,I don't have any information about the number of eggs you have in your refrigerator.,false
8fb83627,100,How many issues of National Geographic have I finished reading?,Five,I don't have any information about you reading National Geographic.,false
b01defab,100,Did I finish reading 'The Nightingale' by Kristin Hannah?,Yes,No,false
22d2cb42,100,Where did I get my guitar serviced?,The music shop on Main St.,"I didn't receive any information about you getting a guitar serviced, so I don't have an answer to provide.",false
0e4e4c46,100,What is my current highest score in Ticket to Ride?,132 points,132,true
4b24c848,100,How many tops have I bought from H&M so far?,five,I don't have any information about your purchases from H&M.,false
7e974930,100,How much did I earn at the Downtown Farmers Market on my most recent visit?,$420,I don't have any information about your earnings at the Downtown Farmers Market.,false
603deb26,100,How many times have I tried making a Negroni at home since my friend Emma showed me how to make it?,10,10,true
5831f84d,100,How many Crash Course videos have I watched in the past few weeks?,15,"I don't have any information about your viewing history, so I can't provide an answer.",false
eace081b,100,Where am I planning to stay for my birthday trip to Hawaii?,Oahu,I don't have any information about your plans for a birthday trip to Hawaii.,false
affe2881,100,How many different species of birds have I seen in my local park?,32,,false
50635ada,100,What was my previous frequent flyer status on United Airlines before I got the current status?,Premier Silver,I don't have any information about your previous frequent flyer status on United Airlines.,false
0ddfec37,100,How many autographed baseballs have I added to my collection in the first three months of collection?,15,,false
f685340e,100,How often do I play tennis with my friends at the local park previously? How often do I play now?,"Previously, you play tennis with your friends at the local park every week (on Sunday). Currently, you play tennis every other week (on Sunday).",I don't have any information about your previous or current tennis playing habits.,false
cc5ded98,100,How much time do I dedicate to coding exercises each day?,about two hours,15 minutes,false
dfde3500,100,What day of the week did I meet with my previous language exchange tutor Juan?,Wednesday,Saturday,false
69fee5aa,100,How many pre-1920 American coins do I have in my collection?,38,I don't have any information about your coin collection.,false
7401057b,100,How many free night's stays can I redeem at any Hilton property with my accumulated points?,Two,5,false
cf22b7bf,100,How much weight have I lost since I started going to the gym consistently?,10 pounds,10 pounds,false
c7dc5443,100,What is my current record in the recreational volleyball league?,5-2,"You have won 5 games, lost 2, and tied 1.",false
06db6396,100,How many projects have I completed since starting painting classes?,5,"I don't have any information about you completing painting classes or any other projects. This conversation just started, and we haven't discussed anything related to your personal life or activities.",false
3ba21379,100,What type of vehicle model am I currently working on?,Ford F-150 pickup truck,I don't have any information about a current vehicle project.,false
9bbe84a2,100,What was my previous goal for my Apex Legends level before I updated my goal?,level 100,I don't have any information about your Apex Legends level goals.,false
10e09553,100,How many largemouth bass did I catch with Alex on the earlier fishing trip to Lake Michigan before the 7/22 trip?,7,"I don't have any information about a previous fishing trip to Lake Michigan with Alex, so I can't provide an answer.",false
dad224aa,100,What time do I wake up on Saturday mornings?,7:30 am,FUTURE_ERROR: Connection error.,false
ba61f0b9,100,How many women are on the team led by my former manager Rachel?,6,FUTURE_ERROR: Connection error.,false
42ec0761,100,Do I have a spare screwdriver for opening up my laptop?,Yes,FUTURE_ERROR: Connection error.,false
5c40ec5b,100,How many times have I met up with Alex from Germany?,We've met up twice.,FUTURE_ERROR: Connection error.,false
c6853660,100,Did I mostly recently increase or decrease the limit on the number of cups of coffee in the morning?,You increased the limit (from one cup to two cups),FUTURE_ERROR: Connection error.,false
26bdc477,100,How many trips have I taken my Canon EOS 80D camera on?,five,FUTURE_ERROR: Connection error.,false
0977f2af,100,What new kitchen gadget did I invest in before getting the Air Fryer?,Instant Pot,FUTURE_ERROR: Connection error.,false
f685340e_abs,100,How often do I play table tennis with my friends at the local park?,The information provided is not enough. You mentioned playing tennis but not table tennis.,FUTURE_ERROR: Connection error.,false
89941a94,100,"Before I purchased the gravel bike, do I have other bikes in addition to my mountain bike and my commuter bike?",Yes. (You have a road bike too.),FUTURE_ERROR: Connection error.,false
